"","t_start","t_end","Mean(R)","Std(R)","Quantile.0.025(R)","Quantile.0.05(R)","Quantile.0.25(R)","Median(R)","Quantile.0.75(R)","Quantile.0.95(R)","Quantile.0.975(R)"
"1",24,50,1.8594399741948,0.0417561843290237,1.77849108139567,1.79129437053957,1.8311080782526,1.85912742008535,1.88743115047132,1.92865172987124,1.94216507493234
